Controller,Run,Scene,Solved,IsStable,ConstraintsOK,JointsOK,JointsVelOK,ControlEffort,FinalError,RMSE,SimTime
FBL-QP,1,100,1,1,1,1,1,234.098555623752,0.0346201886136357,0.625203967345516,17.16
FBL-QP,2,100,1,1,1,1,1,227.497848370167,0.0346182219220074,0.625059598281621,17.16
FBL-QP,3,100,1,1,1,1,1,225.017861868393,0.0345660519226127,0.625501882534837,17.18
FBL-QP,4,100,1,1,1,1,1,209.540665971741,0.0347344669395376,0.623996420382116,17.16
FBL-QP,5,100,1,1,1,1,1,211.518018633576,0.0366530822327063,0.624686148997525,17.22
FBL-QP,1,10,1,1,1,1,1,177.689206839933,0.0372160066375546,0.688748615410861,20.02
FBL-QP,2,10,1,1,1,1,1,539.824415344376,0.0381754369698283,0.694475346898066,20
FBL-QP,3,10,1,1,1,1,1,246.199943224342,0.0443590759089355,0.688224368227235,19.96
FBL-QP,4,10,1,1,1,1,1,381.744080919878,0.037938944562354,0.692742803421691,20.12
FBL-QP,5,10,1,1,1,1,1,174.986570976748,0.036542615317413,0.688949247629176,20.02
FBL-QP,1,11,1,1,1,1,1,501.932418610381,0.038371940816157,0.756090373233984,18.6
FBL-QP,2,11,1,1,1,1,1,712.145494831194,0.060499575091901,0.751818018445201,18.82
FBL-QP,3,11,1,1,1,1,1,560.27757156561,0.0473921671303682,0.748577390901926,18.62
FBL-QP,4,11,1,1,1,1,1,564.210587010728,0.0477029983631737,0.747884217815124,18.64
FBL-QP,5,11,1,1,1,1,1,639.651426230378,0.0465583267205925,0.74989155529436,18.64
FBL-QP,1,12,1,1,1,1,1,246.081154209527,0.0365159382049135,0.607950770028532,17.58
FBL-QP,2,12,1,1,1,1,1,246.957320367076,0.0367795133136306,0.607302190545302,17.58
FBL-QP,3,12,1,1,1,1,1,225.622086424456,0.0377601579825588,0.60578779058929,17.62
FBL-QP,4,12,1,1,1,1,1,227.594045222472,0.037817797703377,0.605710208941956,17.52
FBL-QP,5,12,1,1,1,1,1,368.348703508215,0.0367110515225819,0.612351122350652,17.74
FBL-QP,1,13,1,1,1,1,1,531.145773482608,0.0777385709728325,0.670571373708391,19.16
FBL-QP,2,13,1,1,1,1,1,359.07666541336,0.0819707193747084,0.667020898117482,19.12
FBL-QP,3,13,1,1,1,1,1,332.652747161157,0.0876389353115134,0.662886828296014,19.16
FBL-QP,4,13,1,1,1,1,1,773.287665262441,0.0869295804018828,0.667992033558657,19.24
FBL-QP,5,13,1,1,1,1,1,543.292198119899,0.084213854754993,0.673153688804211,19.26
FBL-QP,1,14,1,1,1,1,1,738.854041684526,0.0231393993375608,0.757056503794755,20.32
FBL-QP,2,14,1,1,1,1,1,986.454651520694,0.0237381565213234,0.76370285736139,20.26
FBL-QP,3,14,1,1,1,1,1,857.579838828841,0.0238440647430638,0.763913486945683,20.42
FBL-QP,4,14,1,1,1,1,1,837.51120390028,0.0228708041124189,0.763467430370709,20.48
FBL-QP,5,14,1,1,1,1,1,825.672307334614,0.0232274265575716,0.759204091191056,20.42
FBL-QP,1,15,1,1,1,1,1,964.199632922974,0.0341260575868969,0.684672438745709,19
FBL-QP,2,15,1,1,1,1,1,764.664611207596,0.0345044562160607,0.671087809506107,18.8
FBL-QP,3,15,1,1,1,1,1,386.18977133316,0.0334213135259649,0.66359374222302,18.58
FBL-QP,4,15,1,1,1,1,1,385.965944721171,0.0334710643955974,0.663236615826203,18.58
FBL-QP,5,15,1,1,1,1,1,690.521784446811,0.036297701032765,0.669896004740348,18.76
FBL-QP,1,16,1,1,1,1,1,1823.28958540514,0.0963554392543138,0.363677888839119,86.56
FBL-QP,2,16,1,1,1,1,1,2699.47888234338,0.0949199003915468,0.337120993813305,106.8
FBL-QP,3,16,1,1,1,1,1,1665.94654541366,0.096538984950413,0.369896999366999,83.98
FBL-QP,4,16,1,1,1,1,1,2731.61534671745,0.0949374759958909,0.340061411985608,105.38
FBL-QP,5,16,1,1,1,1,1,2536.0265173943,0.0953253875363056,0.34255562975285,102.88
FBL-QP,1,17,1,1,1,1,1,2053.46386491784,0.0942792297975099,0.374890734822662,90.66
FBL-QP,2,17,1,1,1,1,1,1411.62235052051,0.0944675200886523,0.405066054601549,73.48
FBL-QP,3,17,1,1,1,1,1,1370.28590752321,0.0945082387607611,0.403669313083126,73.54
FBL-QP,4,17,1,1,1,1,1,1410.35840073202,0.0944995757854808,0.401052084138605,75.42
FBL-QP,5,17,1,1,1,1,1,1772.69196210649,0.0944322161607707,0.388328814684419,81.74
FBL-QP,1,18,1,1,1,1,1,837.512262502271,0.049070925902484,0.723872246938237,19.8
FBL-QP,2,18,1,1,1,1,1,671.004311949131,0.0464305946437234,0.715518330061181,19.54
FBL-QP,3,18,1,1,1,1,1,454.131077120321,0.0471099738763021,0.710433691203688,19.5
FBL-QP,4,18,1,1,1,1,1,700.077384684899,0.0488097571250618,0.717676307078129,19.66
FBL-QP,5,18,1,1,1,1,1,837.815011466885,0.0497764492601032,0.722499586798057,19.72
FBL-QP,1,19,1,1,1,1,1,220.231219190925,0.0469520614341329,0.508000865560852,13.82
FBL-QP,2,19,1,1,1,1,1,257.687632560161,0.0440822660815307,0.517007092794419,13.94
FBL-QP,3,19,1,1,1,1,1,273.272738818513,0.0436725823958643,0.517695257631003,13.94
FBL-QP,4,19,1,1,1,1,1,241.269860029439,0.044432380799238,0.517041175112506,13.9
FBL-QP,5,19,1,1,1,1,1,201.473339109127,0.045330641401926,0.509810449365532,13.8
FBL-QP,1,1,1,1,1,1,1,776.639112002716,0.0958379493693609,0.517285152596776,36.3
FBL-QP,2,1,1,1,1,1,1,828.031066172041,0.0946854266427442,0.471277645107786,45.4
FBL-QP,3,1,1,1,1,1,1,833.481890556742,0.0950107976406466,0.490515598706226,40.42
FBL-QP,4,1,1,1,1,1,1,895.571704894664,0.0953108500438465,0.501692816987048,39.08
FBL-QP,5,1,1,1,1,1,1,1094.28592898249,0.0949857924845142,0.4679971540372,46.02
FBL-QP,1,20,1,1,1,1,1,643.58003694994,0.0277936253301902,0.685932386249507,16.62
FBL-QP,2,20,1,1,1,1,1,554.189566131986,0.0287128123456554,0.682426534747052,16.64
FBL-QP,3,20,1,1,1,1,1,626.264486618275,0.028297755111649,0.683194439581942,16.62
FBL-QP,4,20,1,1,1,1,1,628.235805668152,0.0282347652566472,0.68260600296116,16.62
FBL-QP,5,20,1,1,1,1,1,597.626508100221,0.0289799329543704,0.682257920143729,16.64
FBL-QP,1,21,1,1,1,1,1,308.598675726315,0.030763065843989,0.734659997722816,19.46
FBL-QP,2,21,1,1,1,1,1,803.401900806413,0.0475122412002205,0.739707807862954,19.78
FBL-QP,3,21,1,1,1,1,1,641.727697652787,0.0349895428424705,0.741614076915248,19.66
FBL-QP,4,21,1,1,1,1,1,707.249593991341,0.038647611833384,0.742532259645349,19.72
FBL-QP,5,21,1,1,1,1,1,744.480526939503,0.0390537847098471,0.74145972849428,19.66
FBL-QP,1,22,1,1,1,1,1,834.289839486127,0.0521933612239242,0.732057732713807,17.68
FBL-QP,2,22,1,1,1,1,1,339.46238584598,0.0511451497289644,0.712826216794404,17.32
FBL-QP,3,22,1,1,1,1,1,592.387732996247,0.0494974291787297,0.721860357824827,17.38
FBL-QP,4,22,1,1,1,1,1,622.456663346576,0.0512176749386484,0.717836183550108,17.24
FBL-QP,5,22,1,1,1,1,1,1019.60802754662,0.0529571586159393,0.736302061380314,17.58
FBL-QP,1,23,1,1,1,1,1,317.739727772662,0.0856034015562084,0.606399496314705,16
FBL-QP,2,23,1,1,1,1,1,437.911436443424,0.0808012976401103,0.612247499703781,15.9
FBL-QP,3,23,1,1,1,1,1,411.060812019131,0.0837768916427331,0.615280137732604,16.18
FBL-QP,4,23,1,1,1,1,1,308.284816456416,0.0829118751601274,0.605017149974686,15.86
FBL-QP,5,23,1,1,1,1,1,308.918856732654,0.0843189689517508,0.605714706697618,15.94
FBL-QP,1,24,1,1,1,1,1,717.651216204837,0.0425622807116838,0.674160200874786,19.22
FBL-QP,2,24,1,1,1,1,1,705.424065584132,0.0429627431937563,0.675834443361082,19.3
FBL-QP,3,24,1,1,1,1,1,703.764742098118,0.0446420745657742,0.671989585019557,19.32
FBL-QP,4,24,1,1,1,1,1,729.226569883971,0.0440543126011553,0.676625159996087,19.32
FBL-QP,5,24,1,1,1,1,1,703.114819886965,0.0416377764517835,0.677451813515092,19.28
FBL-QP,1,25,1,1,1,1,1,198.573677530698,0.0359462769595426,0.627663333120087,15.5
FBL-QP,2,25,1,1,1,1,1,174.008479492074,0.0388289449128903,0.624296916446664,15.5
FBL-QP,3,25,1,1,1,1,1,605.397969063313,0.0442504433822138,0.645961606807654,16.06
FBL-QP,4,25,1,1,1,1,1,203.486465772233,0.0370369459612544,0.627664946794899,15.5
FBL-QP,5,25,1,1,1,1,1,467.304069810282,0.0408996938680329,0.642026347199559,15.8
FBL-QP,1,26,1,1,1,1,1,276.784922800228,0.0319240198185883,0.690933976963418,15.9
FBL-QP,2,26,1,1,1,1,1,279.076326677014,0.0312757096925408,0.693630587874763,15.98
FBL-QP,3,26,1,1,1,1,1,297.210512681894,0.0316905978956909,0.692424889374043,16
FBL-QP,4,26,1,1,1,1,1,445.855621703945,0.0318035245888505,0.698141679871989,16.1
FBL-QP,5,26,1,1,1,1,1,276.407797809381,0.0320736163491383,0.693121801939119,16.02
FBL-QP,1,27,1,1,1,1,1,180.052342034226,0.041880228180334,0.598705740597083,17.18
FBL-QP,2,27,1,1,1,1,1,200.915252502418,0.0412304256632273,0.597521020842253,17.14
FBL-QP,3,27,1,1,1,1,1,198.551386398618,0.0410672792866843,0.597670926859054,17.14
FBL-QP,4,27,1,1,1,1,1,232.418180415782,0.0402220957562837,0.600940899630136,17.16
FBL-QP,5,27,1,1,1,1,1,197.258660408306,0.041166054800864,0.597193920813354,17.16
FBL-QP,1,28,1,1,1,1,1,588.750553355313,0.0345091663359611,0.749870811979522,18.26
FBL-QP,2,28,1,1,1,1,1,572.55761500101,0.0372260821553677,0.74150433546072,18.1
FBL-QP,3,28,1,1,1,1,1,1000.33972749514,0.0629900814547444,0.732577835585746,17.8
FBL-QP,4,28,1,1,1,1,1,371.451391890645,0.0344564774927528,0.744668756006984,18.14
FBL-QP,5,28,1,1,1,1,1,349.28094961722,0.0349348279112359,0.738698605585213,17.94
FBL-QP,1,29,1,1,1,1,1,249.116055848109,0.0378821330507645,0.619387614568495,18.72
FBL-QP,2,29,1,1,1,1,1,436.726243886228,0.0396865351735178,0.635378407557166,18.6
FBL-QP,3,29,1,1,1,1,1,551.760457329731,0.0439121456716097,0.63770620511835,18.46
FBL-QP,4,29,1,1,1,1,1,264.97859725383,0.0369553594963365,0.620573017405342,18.82
FBL-QP,5,29,1,1,1,1,1,346.106652918295,0.0413674769391582,0.625564955623799,18.36
FBL-QP,1,2,1,1,1,1,1,212.009110610831,0.0522502821337751,0.723881499059925,19.4
FBL-QP,2,2,1,1,1,1,1,206.677839182301,0.0544349552891519,0.726107210858209,19.22
FBL-QP,3,2,1,1,1,1,1,202.203935649649,0.0558821560867655,0.724682244173631,19.06
FBL-QP,4,2,1,1,1,1,1,204.903331623914,0.0567935013564341,0.724625382142039,19.1
FBL-QP,5,2,1,1,1,1,1,207.147803586741,0.059189238513563,0.723389776041217,19
FBL-QP,1,30,1,1,1,1,1,607.253841391047,0.0431626050349825,0.731046097548351,16.68
FBL-QP,2,30,1,1,1,1,1,464.762925435011,0.0422732821910646,0.724888009154291,16.62
FBL-QP,3,30,1,1,1,1,1,609.161936046868,0.0431816232355839,0.730655389736542,16.68
FBL-QP,4,30,1,1,1,1,1,646.98303933275,0.0420902947474854,0.732732814500776,16.8
FBL-QP,5,30,1,1,1,1,1,521.81444619973,0.0465891538175752,0.728429393802238,16.86
FBL-QP,1,31,1,1,1,1,1,409.930821073504,0.0534697476650659,0.689230745996186,18.38
FBL-QP,2,31,1,1,1,1,1,483.360458038405,0.0555136109533243,0.693793853199966,18.54
FBL-QP,3,31,1,1,1,1,1,347.07140539608,0.0520521060755844,0.685189751145062,18.3
FBL-QP,4,31,1,1,1,1,1,356.151584009045,0.0535914397948609,0.684807847446756,18.48
FBL-QP,5,31,1,1,1,1,1,343.332238557141,0.0511407169138118,0.68323805331861,18.4
FBL-QP,1,32,1,1,1,1,1,820.280928970935,0.094508618926629,0.483713907237947,23.14
FBL-QP,2,32,1,1,1,1,1,505.55033447385,0.096613766712469,0.51189158618873,18.44
FBL-QP,3,32,1,1,1,1,1,1882.68367171928,0.0917486008288465,0.597743651088488,18.82
FBL-QP,4,32,1,1,1,1,1,485.882368637949,0.0964053622566823,0.494203339082227,20.32
FBL-QP,5,32,1,1,1,1,1,516.276995052547,0.0968509439753708,0.509476640984868,18.7
FBL-QP,1,33,1,1,1,1,1,727.469341759437,0.0358110968361408,0.704777752357856,15.98
FBL-QP,2,33,1,1,1,1,1,1303.06969713721,0.0483948465709464,0.733026937377284,16.7
FBL-QP,3,33,1,1,1,1,1,1475.28362504611,0.0363834302076483,0.734242946807272,16.52
FBL-QP,4,33,1,1,1,1,1,705.22307328153,0.0367280071284142,0.696322849457584,15.82
FBL-QP,5,33,1,1,1,1,1,1376.59280835971,0.0356992972476224,0.737162296600904,16.58
FBL-QP,1,34,1,1,1,1,1,5316.12672524088,0.0350140129876771,0.628055000695051,34.46
FBL-QP,2,34,NaN,NaN,NaN,NaN,NaN,110852.100285352,0.016558813326228,0.40848266988315,534.68
FBL-QP,3,34,NaN,NaN,NaN,NaN,NaN,112732.99223697,0.036967563251245,0.456518456131048,461.38
FBL-QP,4,34,1,1,1,1,1,6438.5542327617,0.0276328417621776,0.650370528136105,36.7
FBL-QP,5,34,1,1,1,1,1,4765.77258075606,0.0350860399800694,0.628809062075183,34.58
FBL-QP,1,35,1,1,1,1,1,2022.26879625754,0.0952350626026909,0.379623553716499,88.36
FBL-QP,2,35,1,1,1,1,1,1788.56419479598,0.0952261017925078,0.381607995420033,88.88
FBL-QP,3,35,1,1,1,1,1,1968.17560869598,0.0952437110614189,0.377247287159587,88.62
FBL-QP,4,35,1,1,1,1,1,1879.86928771743,0.0951860480034568,0.398387798139748,80.24
FBL-QP,5,35,1,1,1,1,1,1838.61413612652,0.0952624077176231,0.395316869021867,80.04
FBL-QP,1,36,1,1,1,1,1,184.74554395198,0.0345191487126617,0.572639090151835,15.14
FBL-QP,2,36,1,1,1,1,1,220.602271539453,0.0346212564659556,0.567822484155599,15
FBL-QP,3,36,1,1,1,1,1,214.560449683972,0.0346733290903883,0.574078759864223,15.16
FBL-QP,4,36,1,1,1,1,1,231.277843374876,0.0344150063337002,0.573157554123115,15.18
FBL-QP,5,36,1,1,1,1,1,167.389704741657,0.0348938789614554,0.569790219078821,15.12
FBL-QP,1,37,1,1,1,1,1,419.543951674755,0.045798425403042,0.622605975096262,17.02
FBL-QP,2,37,1,1,1,1,1,228.926252633658,0.0448771489615805,0.611718468884451,16.8
FBL-QP,3,37,1,1,1,1,1,241.335153929461,0.0445698095572342,0.613992381932238,16.9
FBL-QP,4,37,1,1,1,1,1,242.169336052226,0.0447164038911299,0.614726867209234,16.92
FBL-QP,5,37,1,1,1,1,1,235.924189081296,0.0450323805247536,0.613746969102092,16.9
FBL-QP,1,38,1,1,1,1,1,353.264306834854,0.050935968400838,0.693967929548704,18.5
FBL-QP,2,38,1,1,1,1,1,365.064767335293,0.0481748756374273,0.69532076238403,18.52
FBL-QP,3,38,1,1,1,1,1,752.476439921787,0.0492192574739898,0.709442759882389,18.7
FBL-QP,4,38,1,1,1,1,1,660.15838388881,0.0497441305284977,0.708526172558193,18.76
FBL-QP,5,38,1,1,1,1,1,629.176379826379,0.0479470019541615,0.701573571900472,18.6
FBL-QP,1,39,1,1,1,1,1,1305.88970983363,0.0913710979832106,0.371113564593451,69.64
FBL-QP,2,39,1,1,1,1,1,1725.57897359732,0.0915929258175166,0.357232451197244,76.14
FBL-QP,3,39,1,1,1,1,1,1678.18238010069,0.0934638750088357,0.361095508098059,75.32
FBL-QP,4,39,1,1,1,1,1,1596.15525133697,0.0923519854215893,0.36149578141827,74.66
FBL-QP,5,39,1,1,1,1,1,1753.65561280701,0.0957362651958275,0.362726956005989,75.36
FBL-QP,1,3,1,1,1,1,1,252.681937653844,0.0461367050008781,0.558730625341324,16.46
FBL-QP,2,3,1,1,1,1,1,306.887718298395,0.0459506012284183,0.560414504358874,16.46
FBL-QP,3,3,1,1,1,1,1,241.600804574688,0.0450370797776016,0.552622117819092,16.22
FBL-QP,4,3,1,1,1,1,1,239.445028529935,0.0475311270697682,0.558615446822983,16.44
FBL-QP,5,3,1,1,1,1,1,345.065957625705,0.0455358365579543,0.562458858968919,16.54
FBL-QP,1,40,1,1,1,1,1,916.245600865767,0.0360073060027677,0.735000719855961,19.6
FBL-QP,2,40,1,1,1,1,1,920.301639251622,0.0373946512881057,0.738361412013944,18.66
FBL-QP,3,40,1,1,1,1,1,661.469817932499,0.0522877723960571,0.7276164589845,17.42
FBL-QP,4,40,1,1,1,1,1,661.451661755653,0.0512663766182442,0.72246368756688,17.28
FBL-QP,5,40,1,1,1,1,1,776.904876189134,0.0544581340655072,0.736701177906179,17.58
FBL-QP,1,41,1,1,1,1,1,305.712262417247,0.0407364333936089,0.561496826595154,14.32
FBL-QP,2,41,1,1,1,1,1,343.549079212588,0.042423605539123,0.600088381991275,15
FBL-QP,3,41,1,1,1,1,1,340.402155836102,0.0393018478298225,0.560947350850707,14.28
FBL-QP,4,41,1,1,1,1,1,412.392103717829,0.0413045962601396,0.581096344492634,14.62
FBL-QP,5,41,1,1,1,1,1,382.9955048854,0.0368591969429215,0.609312468428429,15.2
FBL-QP,1,42,1,1,1,1,1,1015.38623556957,0.0753539515048525,0.729393659885087,20.98
FBL-QP,2,42,1,1,1,1,1,814.980003883403,0.0785306995034102,0.72600310438851,20.92
FBL-QP,3,42,1,1,1,1,1,405.435216975811,0.061438179476971,0.727694539051474,20.54
FBL-QP,4,42,1,1,1,1,1,752.504348403188,0.0632080498833453,0.729897240984237,20.82
FBL-QP,5,42,1,1,1,1,1,798.160526979232,0.0643038029526334,0.728396560317119,20.54
FBL-QP,1,43,1,1,1,1,1,391.971561315976,0.0401057579032343,0.601026972407266,15.74
FBL-QP,2,43,1,1,1,1,1,402.818111705012,0.039732532521289,0.604617037302512,15.9
FBL-QP,3,43,1,1,1,1,1,393.49773329524,0.0398955614612309,0.601069249401045,15.74
FBL-QP,4,43,1,1,1,1,1,395.07323584353,0.0408726413928567,0.60166684111379,15.74
FBL-QP,5,43,1,1,1,1,1,389.793787007286,0.0404217406343737,0.60101802488616,15.82
FBL-QP,1,44,1,1,1,1,1,204.227466890413,0.0435234002469723,0.557983143389067,14.76
FBL-QP,2,44,1,1,1,1,1,267.004716251884,0.0432091996686455,0.556593560428888,14.76
FBL-QP,3,44,1,1,1,1,1,205.695005584639,0.0433368986317206,0.554135584063868,14.72
FBL-QP,4,44,1,1,1,1,1,203.932429844795,0.0433119010947842,0.555530057250151,14.74
FBL-QP,5,44,1,1,1,1,1,230.615621018941,0.0439049315375482,0.552145079757837,14.7
FBL-QP,1,45,1,1,1,1,1,472.117864600904,0.0811314380652108,0.699728003303844,18.78
FBL-QP,2,45,1,1,1,1,1,546.954168769289,0.0863630868779326,0.698995744834124,18.84
FBL-QP,3,45,1,1,1,1,1,509.041540762165,0.0854675738449422,0.699415059520217,18.78
FBL-QP,4,45,1,1,1,1,1,488.343679444943,0.0844344135734636,0.698546993445756,18.82
FBL-QP,5,45,1,1,1,1,1,505.877123122104,0.0860154741388049,0.698229002194893,18.86
FBL-QP,1,46,1,1,1,1,1,246.412083891461,0.0517877941224911,0.547445796692852,20.14
FBL-QP,2,46,1,1,1,1,1,247.495460288532,0.0519055855193385,0.544932480720115,20.62
FBL-QP,3,46,1,1,1,1,1,278.20630317847,0.0535818929121387,0.551960197853616,19.68
FBL-QP,4,46,1,1,1,1,1,218.903366368656,0.051677416195595,0.540785802592919,20.98
FBL-QP,5,46,1,1,1,1,1,246.827547877837,0.052788123451818,0.544415832817334,20.74
FBL-QP,1,47,1,1,1,1,1,947.669931831242,0.0933826118422869,0.784235270636603,22.54
FBL-QP,2,47,1,1,1,1,1,871.962082243256,0.0967585290337782,0.748540000339353,23.96
FBL-QP,3,47,1,1,1,1,1,886.669348321086,0.0788313946960167,0.777826716601538,20.14
FBL-QP,4,47,1,1,1,1,1,922.748100429794,0.0874997366581253,0.78881178434446,22.12
FBL-QP,5,47,1,1,1,1,1,2942.70045178011,0.0975510571718468,0.765726257405668,25.62
FBL-QP,1,48,1,1,1,1,1,173.397218033098,0.0252005005379329,0.556200261348962,14.5
FBL-QP,2,48,1,1,1,1,1,424.796765220013,0.0250769722617405,0.578340038286115,14.94
FBL-QP,3,48,1,1,1,1,1,174.887791494029,0.0252177606173429,0.555427027863562,14.5
FBL-QP,4,48,1,1,1,1,1,197.859879602809,0.0251450145911801,0.558674794237385,14.56
FBL-QP,5,48,1,1,1,1,1,172.456173894364,0.0251920300728219,0.556023566674838,14.5
FBL-QP,1,49,1,1,1,1,1,275.815786130588,0.0480075057695432,0.710938591624336,21
FBL-QP,2,49,1,1,1,1,1,322.152154484582,0.0496875084418751,0.71430534831132,21.06
FBL-QP,3,49,1,1,1,1,1,798.311375308857,0.053071280779236,0.727673095074896,21.38
FBL-QP,4,49,1,1,1,1,1,283.347470072407,0.048822904517055,0.712081023880117,21.04
FBL-QP,5,49,1,1,1,1,1,237.994410454515,0.0485768949421173,0.710277474403649,20.98
FBL-QP,1,4,1,1,1,1,1,575.209956496602,0.0363627412977791,0.77271068303198,18.98
FBL-QP,2,4,1,1,1,1,1,726.520141473083,0.0371826004664485,0.772964354445069,19.32
FBL-QP,3,4,1,1,1,1,1,471.939936126209,0.0309337408819747,0.770013502617519,19.22
FBL-QP,4,4,1,1,1,1,1,731.965642936408,0.0363677094231507,0.772998314227251,19.32
FBL-QP,5,4,1,1,1,1,1,737.377924717062,0.0420066275973323,0.780321283269855,19.06
FBL-QP,1,50,1,1,1,1,1,253.360895745289,0.0330860974390695,0.563731537071213,14.42
FBL-QP,2,50,1,1,1,1,1,277.092028505814,0.0320633281047304,0.564939501372618,14.44
FBL-QP,3,50,1,1,1,1,1,267.256205516017,0.032203013664469,0.563689552079299,14.44
FBL-QP,4,50,1,1,1,1,1,329.978635152111,0.0348793672093871,0.567333765319035,14.44
FBL-QP,5,50,1,1,1,1,1,268.541666378641,0.0315998872708939,0.565114357675218,14.46
FBL-QP,1,51,NaN,NaN,NaN,NaN,NaN,133467.187947569,0.389956841517279,0.414207413825968,610.12
FBL-QP,2,51,NaN,NaN,NaN,NaN,NaN,133759.573896463,0.344984725316783,0.396277731493968,610.1
FBL-QP,3,51,NaN,NaN,NaN,NaN,NaN,134222.542916453,0.345551474466951,0.407097238786248,610.08
FBL-QP,4,51,NaN,NaN,NaN,NaN,NaN,132063.912553662,0.343403591535038,0.394846637839836,610.12
FBL-QP,5,51,1,1,1,1,1,5196.7752563659,0.0658262876362584,0.72599172916918,26
FBL-QP,1,52,1,1,1,1,1,248.36321852925,0.059920557291224,0.568118952469768,14.86
FBL-QP,2,52,1,1,1,1,1,404.440244199397,0.0603337535901629,0.578863618931636,15.2
FBL-QP,3,52,1,1,1,1,1,243.215121088035,0.0602244451464695,0.568032517632394,14.88
FBL-QP,4,52,1,1,1,1,1,796.080078999311,0.0505972627352217,0.608337217576317,15.32
FBL-QP,5,52,1,1,1,1,1,261.423003790469,0.0608466631520425,0.568927145973029,14.88
FBL-QP,1,53,1,1,1,1,1,351.892818552417,0.051294197603772,0.630704131334608,18.7
FBL-QP,2,53,1,1,1,1,1,304.839571642697,0.0527681639585949,0.628797573101788,18.58
FBL-QP,3,53,1,1,1,1,1,329.208297955565,0.0508808206257278,0.628015755703213,18.6
FBL-QP,4,53,1,1,1,1,1,749.323722251695,0.0462943445881943,0.654831246641431,18.78
FBL-QP,5,53,1,1,1,1,1,313.913608517321,0.0499027445592471,0.625733764935124,18.62
FBL-QP,1,54,NaN,NaN,NaN,NaN,NaN,127100.233515003,0.687245501829672,0.571647169871993,608.32
FBL-QP,2,54,NaN,NaN,NaN,NaN,NaN,132094.152466338,1.27774463286439,0.593464375337651,608.44
FBL-QP,3,54,1,1,1,1,1,449.702847317384,0.0927138236508275,0.644444936918538,17.98
FBL-QP,4,54,1,1,1,1,1,429.189950414416,0.0949640210773511,0.644442177030859,17.94
FBL-QP,5,54,NaN,NaN,NaN,NaN,NaN,79930.0448854951,1.10996848776327,0.487333465814925,608.46
FBL-QP,1,55,1,1,1,1,1,358.474735842733,0.0298932100115095,0.652485861467099,17.44
FBL-QP,2,55,1,1,1,1,1,612.884401789246,0.0300225969939913,0.655428024946281,17.46
FBL-QP,3,55,1,1,1,1,1,692.76673335272,0.0335563224702706,0.655747831509548,17.64
FBL-QP,4,55,1,1,1,1,1,493.089617229251,0.0301474635957653,0.654736589898718,17.7
FBL-QP,5,55,1,1,1,1,1,528.878834407323,0.0316370078676201,0.653054487758313,17.52
FBL-QP,1,56,1,1,1,1,1,725.830984693632,0.0417220416552017,0.559668722023952,16.54
FBL-QP,2,56,1,1,1,1,1,429.186309741773,0.0416559382745936,0.538760822801876,16.14
FBL-QP,3,56,1,1,1,1,1,335.854325760266,0.0416214827000233,0.534726513767604,16.06
FBL-QP,4,56,1,1,1,1,1,528.030144217854,0.0417220313745128,0.543654262123349,16.22
FBL-QP,5,56,1,1,1,1,1,362.317323616945,0.0420810986893384,0.539368210785658,16.1
FBL-QP,1,57,1,1,1,1,1,224.579546956163,0.035924472569064,0.666695389612049,20.78
FBL-QP,2,57,1,1,1,1,1,156.466482082936,0.0420833219911684,0.669548295995135,20.14
FBL-QP,3,57,1,1,1,1,1,180.260766902035,0.0410021494593932,0.666548576744717,20.28
FBL-QP,4,57,1,1,1,1,1,378.452985182632,0.0400296412426694,0.678831858554397,20.62
FBL-QP,5,57,1,1,1,1,1,300.747203080784,0.039292074272852,0.673161560410196,21.02
FBL-QP,1,58,1,1,1,1,1,715.246022405834,0.056935497224956,0.607990624217904,21.38
FBL-QP,2,58,1,1,1,1,1,756.859682937382,0.0511740568404716,0.615040534410081,21.62
FBL-QP,3,58,1,1,1,1,1,939.249745696696,0.0559344539642369,0.618069695303463,22.62
FBL-QP,4,58,1,1,1,1,1,726.113500463629,0.0525134828797175,0.612363370154624,21.6
FBL-QP,5,58,1,1,1,1,1,738.430911068823,0.0543747634673723,0.611542251203389,21.64
FBL-QP,1,59,1,1,1,1,1,285.625639077414,0.0364279775751694,0.625853581665669,17.82
FBL-QP,2,59,1,1,1,1,1,285.723226342871,0.0353938248533519,0.625867957746636,17.8
FBL-QP,3,59,1,1,1,1,1,281.090384580116,0.0350635181970679,0.625824067054164,17.8
FBL-QP,4,59,1,1,1,1,1,338.660356088839,0.0357006241110894,0.63047316028689,17.9
FBL-QP,5,59,1,1,1,1,1,382.892582623533,0.0353759463495573,0.628715229573934,17.8
FBL-QP,1,5,1,1,1,1,1,262.688831923456,0.0306481910902808,0.614325551780524,15.42
FBL-QP,2,5,1,1,1,1,1,274.09116386774,0.0302001219343209,0.616512172698585,15.38
FBL-QP,3,5,1,1,1,1,1,256.55132078749,0.0304032534757616,0.612411363481963,15.3
FBL-QP,4,5,1,1,1,1,1,256.302194765037,0.0307722233558757,0.611762409620978,15.32
FBL-QP,5,5,1,1,1,1,1,261.302157619954,0.0302312548470765,0.61309253329579,15.3
FBL-QP,1,60,1,1,1,1,1,407.440325666449,0.0716972667534244,0.614485932775848,18.58
FBL-QP,2,60,1,1,1,1,1,442.806273229093,0.0728861656861297,0.61825988884388,18.32
FBL-QP,3,60,1,1,1,1,1,398.923772342212,0.0727245926761462,0.616125670368024,18.44
FBL-QP,4,60,1,1,1,1,1,450.874370889506,0.0720083163174805,0.615679953940537,18.42
FBL-QP,5,60,1,1,1,1,1,382.962930551226,0.0727257752403441,0.615207588282926,18.38
FBL-QP,1,61,1,1,1,1,1,190.523479698078,0.032259360626006,0.603817217768248,16.9
FBL-QP,2,61,1,1,1,1,1,220.954765253189,0.031013575659119,0.604078446446403,16.92
FBL-QP,3,61,1,1,1,1,1,330.167717001759,0.0316302814824837,0.606460280529011,16.9
FBL-QP,4,61,1,1,1,1,1,213.881786628663,0.0311873521188723,0.603664173793103,16.9
FBL-QP,5,61,1,1,1,1,1,236.908044301269,0.0305750037503636,0.60744188515684,17.04
FBL-QP,1,62,1,1,1,1,1,182.50553174315,0.0320062860076331,0.683205649061863,17.74
FBL-QP,2,62,1,1,1,1,1,209.116229770419,0.0316196103632169,0.682576963114874,17.84
FBL-QP,3,62,1,1,1,1,1,194.599337539118,0.0323662104204504,0.682916856605858,17.92
FBL-QP,4,62,1,1,1,1,1,507.30069747664,0.0323028559335692,0.69268008359281,18.3
FBL-QP,5,62,1,1,1,1,1,192.5259409346,0.0322329124164838,0.684013074062354,17.88
FBL-QP,1,63,1,1,1,1,1,568.173864589698,0.0301504010437235,0.726289814640222,16.86
FBL-QP,2,63,1,1,1,1,1,413.810927091272,0.0294018721908584,0.721611057953033,16.64
FBL-QP,3,63,1,1,1,1,1,554.263439006865,0.030738836563469,0.722980910624974,16.66
FBL-QP,4,63,1,1,1,1,1,683.932188759803,0.0301117383374183,0.72911612204626,16.92
FBL-QP,5,63,1,1,1,1,1,631.209405450054,0.0305004750566086,0.722142355182271,16.66
FBL-QP,1,64,1,1,1,1,1,674.500547417635,0.0896034718018011,0.701786175067669,17.12
FBL-QP,2,64,1,1,1,1,1,557.161895083091,0.0872544037723902,0.70176683287369,16.96
FBL-QP,3,64,1,1,1,1,1,546.516158351185,0.0846291308436857,0.700925576023682,16.92
FBL-QP,4,64,1,1,1,1,1,504.213225596396,0.0796464868565734,0.696551629209627,17.16
FBL-QP,5,64,1,1,1,1,1,484.835401503453,0.0867152619694049,0.699681927381713,16.94
FBL-QP,1,65,1,1,1,1,1,385.167155490122,0.0548650018888101,0.56953559216947,14.98
FBL-QP,2,65,1,1,1,1,1,360.716606684017,0.0546290343706277,0.573082758164611,15.12
FBL-QP,3,65,1,1,1,1,1,359.815331373188,0.0534725816372294,0.565898777157774,14.84
FBL-QP,4,65,1,1,1,1,1,372.441458297145,0.0540249847107004,0.566873556208019,14.8
FBL-QP,5,65,1,1,1,1,1,568.193167239688,0.0514296661904254,0.58768837761925,15.52
FBL-QP,1,66,1,1,1,1,1,172.95928943554,0.0468022157370354,0.537136229916576,13.72
FBL-QP,2,66,1,1,1,1,1,172.970722508072,0.0457951333237766,0.535510414613053,13.68
FBL-QP,3,66,1,1,1,1,1,184.247950899258,0.0470700537336883,0.535499990017597,13.68
FBL-QP,4,66,1,1,1,1,1,178.80776740372,0.0470674770508413,0.538340929382817,13.7
FBL-QP,5,66,1,1,1,1,1,1262.8709801029,0.0522867218550123,0.612797120175141,15.38
FBL-QP,1,67,1,1,1,1,1,442.07500244268,0.0370697665289308,0.691068341457835,16.8
FBL-QP,2,67,1,1,1,1,1,679.621251132933,0.0349290880268461,0.685700276533978,17.28
FBL-QP,3,67,1,1,1,1,1,308.278088832505,0.0367933354439779,0.684509301636762,16.78
FBL-QP,4,67,1,1,1,1,1,252.129442445398,0.0374052419483082,0.684872356344191,16.66
FBL-QP,5,67,1,1,1,1,1,441.753351052099,0.0369568368160622,0.686078296123319,16.8
FBL-QP,1,68,1,1,1,1,1,660.536528056706,0.0709650577633162,0.678641113251314,19.3
FBL-QP,2,68,1,1,1,1,1,812.62561096454,0.0788827080928717,0.689453941730229,19.32
FBL-QP,3,68,1,1,1,1,1,699.671170725485,0.0727659865841504,0.679538498674448,19.28
FBL-QP,4,68,1,1,1,1,1,626.614451864314,0.0723948071730756,0.677908138947201,19.16
FBL-QP,5,68,1,1,1,1,1,494.105987647199,0.0675701147803942,0.676996037333245,19.12
FBL-QP,1,69,1,1,1,1,1,628.054120670736,0.0406334424252148,0.740834057203625,16.32
FBL-QP,2,69,1,1,1,1,1,518.095558363749,0.0382623306303647,0.738775111837579,16.38
FBL-QP,3,69,1,1,1,1,1,512.425355577912,0.03670863690862,0.739302310054544,16.34
FBL-QP,4,69,1,1,1,1,1,584.100664355723,0.0394069091283713,0.741049019266495,16.42
FBL-QP,5,69,1,1,1,1,1,436.223626286111,0.0364299340757516,0.737550897706904,16.3
FBL-QP,1,6,1,1,1,1,1,201.161391428193,0.0405725451487394,0.597057613188993,15.46
FBL-QP,2,6,1,1,1,1,1,193.572764199192,0.0409326105457129,0.596467463966678,15.46
FBL-QP,3,6,1,1,1,1,1,205.258354624075,0.0410946144040214,0.596132723512994,15.48
FBL-QP,4,6,1,1,1,1,1,202.001668808492,0.0411697014990633,0.597568195153512,15.56
FBL-QP,5,6,1,1,1,1,1,202.679711314549,0.0394480532000775,0.592420896997591,15.18
FBL-QP,1,70,1,1,1,1,1,310.983887408027,0.044039213983872,0.6218514639935,15.74
FBL-QP,2,70,1,1,1,1,1,294.930266852355,0.0426903721558915,0.623653236202091,15.74
FBL-QP,3,70,1,1,1,1,1,261.634633180243,0.043863574149043,0.621228703793091,15.68
FBL-QP,4,70,1,1,1,1,1,324.279027851,0.0430588888096231,0.621330366138413,15.72
FBL-QP,5,70,1,1,1,1,1,264.264030529732,0.0447767382249754,0.622408167657427,15.7
FBL-QP,1,71,1,1,1,1,1,257.050183486304,0.0665881590303818,0.637475588757154,19.5
FBL-QP,2,71,1,1,1,1,1,370.607603365451,0.0631545150646409,0.639086472598832,19.56
FBL-QP,3,71,1,1,1,1,1,290.371070725656,0.0760891515657565,0.637187921957066,19.84
FBL-QP,4,71,1,1,1,1,1,374.561060217274,0.0549542842613292,0.641638600945351,19.44
FBL-QP,5,71,1,1,1,1,1,330.852601640335,0.077859961290832,0.638471592463057,19.82
FBL-QP,1,72,1,1,1,1,1,6150.76879405516,0.0310410364218319,0.71430439804123,32.66
FBL-QP,2,72,1,1,1,1,1,6376.83725928607,0.0397288057074548,0.707280498043723,32.3
FBL-QP,3,72,1,1,1,1,1,5346.37537904862,0.0392367915364756,0.718805017144527,42.28
FBL-QP,4,72,1,1,1,1,1,5529.78614597636,0.0321988031646798,0.697261495703585,29.74
FBL-QP,5,72,1,1,1,1,1,5813.38452440511,0.0433266127568917,0.702202084798081,32.22
FBL-QP,1,73,1,1,1,1,1,260.883491205016,0.0306696599420402,0.62872624316108,15.76
FBL-QP,2,73,1,1,1,1,1,658.444932744588,0.0316174062400445,0.638131886607827,15.94
FBL-QP,3,73,1,1,1,1,1,255.568273561948,0.0306695924547676,0.62734797071947,15.74
FBL-QP,4,73,1,1,1,1,1,250.203560773129,0.0306639462583675,0.630253170331114,15.82
FBL-QP,5,73,1,1,1,1,1,655.097007107426,0.030863814852525,0.645251693597052,16.06
FBL-QP,1,74,1,1,1,1,1,526.951607545465,0.0701606263409084,0.524427402672084,17.7
FBL-QP,2,74,1,1,1,1,1,563.548705648196,0.0706274375285977,0.532889702106541,17.86
FBL-QP,3,74,1,1,1,1,1,534.35819394478,0.0696404667100612,0.530150312641166,17.92
FBL-QP,4,74,1,1,1,1,1,540.112160358518,0.0692605257889137,0.524231987943764,17.78
FBL-QP,5,74,1,1,1,1,1,532.095396056434,0.0691111223547341,0.530346487339025,17.86
FBL-QP,1,75,1,1,1,1,1,305.662276454989,0.0279260604751495,0.628255394189919,15.38
FBL-QP,2,75,1,1,1,1,1,299.192237671944,0.0285947135211823,0.628193511935454,15.34
FBL-QP,3,75,1,1,1,1,1,339.283925355508,0.0342913648253684,0.620605516214287,15.2
FBL-QP,4,75,1,1,1,1,1,307.454815522377,0.0268954307752025,0.622638409013625,15.18
FBL-QP,5,75,1,1,1,1,1,329.30683955069,0.0332375804271709,0.627429548440067,15.36
FBL-QP,1,76,1,1,1,1,1,850.322527169989,0.0429643999474489,0.646043719540706,17
FBL-QP,2,76,1,1,1,1,1,415.126044777268,0.047918793897283,0.613211363717888,16.46
FBL-QP,3,76,1,1,1,1,1,399.973338228044,0.0477740853430303,0.613489561339235,16.46
FBL-QP,4,76,1,1,1,1,1,570.894225317794,0.0474459235838548,0.624494315435188,16.62
FBL-QP,5,76,1,1,1,1,1,420.875426512339,0.0477842618346547,0.614938710851608,16.48
FBL-QP,1,77,1,1,1,1,1,353.676856269572,0.0450045207433858,0.571008029330125,16.34
FBL-QP,2,77,1,1,1,1,1,350.450387142208,0.046747399456905,0.571416527078678,16.38
FBL-QP,3,77,1,1,1,1,1,383.782113782298,0.0450532329006857,0.572309792573557,16.38
FBL-QP,4,77,1,1,1,1,1,420.485117419433,0.0447170842834675,0.572479984636474,16.4
FBL-QP,5,77,1,1,1,1,1,401.607915273201,0.0456067760840704,0.57456794668747,16.52
FBL-QP,1,78,1,1,1,1,1,131.323390662593,0.0542815277489719,0.611188956146916,17.88
FBL-QP,2,78,1,1,1,1,1,863.029546212294,0.0695506219642564,0.640901557444402,19.3
FBL-QP,3,78,1,1,1,1,1,133.959070475977,0.0539937049893628,0.610427774143819,17.9
FBL-QP,4,78,1,1,1,1,1,121.408605378696,0.0549267949630005,0.609568633944048,17.94
FBL-QP,5,78,1,1,1,1,1,128.546809193954,0.0535426699665136,0.61065802123296,17.88
FBL-QP,1,79,1,1,1,1,1,334.969271607757,0.0325690964664887,0.643002197393687,18.22
FBL-QP,2,79,1,1,1,1,1,325.541159480683,0.0324529099001954,0.641203203192695,18.08
FBL-QP,3,79,1,1,1,1,1,322.903637707747,0.0312761492304029,0.640607042759418,18.02
FBL-QP,4,79,1,1,1,1,1,327.636453277246,0.0324927715044553,0.641137349902118,18.1
FBL-QP,5,79,1,1,1,1,1,327.261558853861,0.0324898123867896,0.640945415551658,18.02
FBL-QP,1,7,1,1,1,1,1,246.769237846501,0.0331330531749563,0.592861312672261,20.04
FBL-QP,2,7,1,1,1,1,1,239.68454342398,0.0335101864430041,0.591913691937969,20.02
FBL-QP,3,7,1,1,1,1,1,232.167553030972,0.0341839573683924,0.590913304384385,20
FBL-QP,4,7,1,1,1,1,1,260.328758758628,0.0315476810306748,0.593612430555063,20
FBL-QP,5,7,1,1,1,1,1,238.045260654676,0.0330864644470057,0.592709429120168,20.02
FBL-QP,1,80,1,1,1,1,1,424.467071000828,0.0376511026961518,0.627135461785052,15.8
FBL-QP,2,80,1,1,1,1,1,451.415511414992,0.0324500089248261,0.61649647773407,15.34
FBL-QP,3,80,1,1,1,1,1,521.323119615886,0.0307541001340757,0.617057251176016,15.28
FBL-QP,4,80,1,1,1,1,1,424.435318572789,0.0381655826089879,0.628254921822153,15.82
FBL-QP,5,80,1,1,1,1,1,611.654226043157,0.0386577995732856,0.638425212568736,16.12
FBL-QP,1,81,1,1,1,1,1,358.90901612675,0.0319574276757394,0.602511077444717,16.48
FBL-QP,2,81,1,1,1,1,1,368.442649058442,0.0319213532631719,0.602481915296264,16.72
FBL-QP,3,81,1,1,1,1,1,360.328025922228,0.0318808867652767,0.602926422918856,16.66
FBL-QP,4,81,1,1,1,1,1,348.055650546534,0.0318744352236305,0.602565981073302,16.68
FBL-QP,5,81,1,1,1,1,1,363.83884100486,0.0318983709603109,0.603428655173012,16.54
FBL-QP,1,82,1,1,1,1,1,798.62145388043,0.0289742453423505,0.817366971049366,21.34
FBL-QP,2,82,1,1,1,1,1,1070.27154843452,0.0429113025348604,0.822238011787197,22.34
FBL-QP,3,82,1,1,1,1,1,946.177926634714,0.0276256398368366,0.80848178760371,22.62
FBL-QP,4,82,1,1,1,1,1,1015.9407026604,0.0330071191677079,0.821518672289829,21.46
FBL-QP,5,82,1,1,1,1,1,977.184605919025,0.0297497042760753,0.823431525863974,21.58
FBL-QP,1,83,1,1,1,1,1,1234.53082587081,0.0254822251970712,0.632551618993402,18.48
FBL-QP,2,83,1,1,1,1,1,245.418013512941,0.0238749943105073,0.580562894445037,16.9
FBL-QP,3,83,1,1,1,1,1,258.553075669481,0.0246572894599416,0.580887752222327,16.82
FBL-QP,4,83,1,1,1,1,1,249.201886490873,0.0245780809943653,0.581456267756582,16.82
FBL-QP,5,83,1,1,1,1,1,276.569220180459,0.0242556137032039,0.580314249157978,16.86
FBL-QP,1,84,1,1,1,1,1,504.208368638767,0.0354399654547292,0.555605432962994,14.44
FBL-QP,2,84,1,1,1,1,1,287.149168731141,0.0350039761563462,0.537793521213279,14.02
FBL-QP,3,84,1,1,1,1,1,278.758803969059,0.0364181189097476,0.538712171852577,14.08
FBL-QP,4,84,1,1,1,1,1,295.152935734979,0.0357606653503085,0.544816960486191,14.28
FBL-QP,5,84,1,1,1,1,1,272.611113611323,0.0365024068392867,0.536206930343252,14.02
FBL-QP,1,85,1,1,1,1,1,861.053726240257,0.0467278359154386,0.63274238120602,17.94
FBL-QP,2,85,1,1,1,1,1,378.021820933969,0.0561138428793262,0.620633698282327,17.6
FBL-QP,3,85,1,1,1,1,1,314.892088050252,0.0527380894136848,0.594901867726635,16.76
FBL-QP,4,85,1,1,1,1,1,416.904192375487,0.0503313881611306,0.601646616520295,16.96
FBL-QP,5,85,1,1,1,1,1,289.378327160369,0.0547196075756188,0.591878926710388,16.8
FBL-QP,1,86,1,1,1,1,1,788.993064248702,0.0966208000712105,0.702807617608014,20.4
FBL-QP,2,86,1,1,1,1,1,754.552638731987,0.0952786754529847,0.706164861439803,20.6
FBL-QP,3,86,1,1,1,1,1,808.695526797319,0.0882490343073017,0.706270515136515,20.6
FBL-QP,4,86,1,1,1,1,1,874.668250275922,0.0844878146002242,0.710559796217685,20.62
FBL-QP,5,86,1,1,1,1,1,749.468336599913,0.0925315472846391,0.703822177362,20.38
FBL-QP,1,87,1,1,1,1,1,507.467213468345,0.0304610420901017,0.747275493662385,19.3
FBL-QP,2,87,1,1,1,1,1,701.379943659542,0.0313762092955789,0.755436713640594,19.76
FBL-QP,3,87,1,1,1,1,1,767.750574062461,0.0332436100494626,0.761170514659632,20.12
FBL-QP,4,87,1,1,1,1,1,683.986039785679,0.030399377491546,0.74832591216627,19.38
FBL-QP,5,87,1,1,1,1,1,439.026607667037,0.0304210083548429,0.748994226519625,19.34
FBL-QP,1,88,1,1,1,1,1,397.127312710167,0.0367824773896895,0.584852162996564,15.24
FBL-QP,2,88,1,1,1,1,1,282.710487349907,0.0329732283354665,0.583649313500834,15.3
FBL-QP,3,88,1,1,1,1,1,318.621422743961,0.0328017674278394,0.587492591861692,15.46
FBL-QP,4,88,1,1,1,1,1,311.5558307172,0.0323976653724998,0.587596547252161,15.48
FBL-QP,5,88,1,1,1,1,1,335.046658755237,0.0320238546765238,0.589161865847352,15.46
FBL-QP,1,89,1,1,1,1,1,205.072243544535,0.0475145298512691,0.648812066732949,17.96
FBL-QP,2,89,1,1,1,1,1,231.798972618939,0.0470869549689058,0.645140868222935,17.94
FBL-QP,3,89,1,1,1,1,1,231.226350893776,0.0468800279286396,0.647738110719473,17.98
FBL-QP,4,89,1,1,1,1,1,230.834284281765,0.0475962580282925,0.645176804764664,17.92
FBL-QP,5,89,1,1,1,1,1,240.612145885036,0.0475435413681261,0.647731625104381,18
FBL-QP,1,8,1,1,1,1,1,313.194735471141,0.0556894043763945,0.664831502306423,20.42
FBL-QP,2,8,1,1,1,1,1,317.846401409251,0.0583179195483774,0.663082607327134,20.3
FBL-QP,3,8,1,1,1,1,1,437.510862171869,0.0542661449962853,0.68101999681119,20.34
FBL-QP,4,8,1,1,1,1,1,297.314420536085,0.0564544592549241,0.665179149183845,20.06
FBL-QP,5,8,1,1,1,1,1,757.116331214702,0.0545524432857747,0.683782025720689,19.68
FBL-QP,1,90,1,1,1,1,1,321.842958611147,0.0472575941230532,0.582218460969514,15.38
FBL-QP,2,90,1,1,1,1,1,269.255869583318,0.0485942068869138,0.57710782126822,15.36
FBL-QP,3,90,1,1,1,1,1,324.449143906171,0.047171487631465,0.577967407317622,15.38
FBL-QP,4,90,1,1,1,1,1,481.195721256597,0.0452460460650705,0.593000564888707,15.58
FBL-QP,5,90,1,1,1,1,1,281.004512466248,0.0467527414221776,0.577691243657501,15.36
FBL-QP,1,91,1,1,1,1,1,388.825486183871,0.0354616326260585,0.59971869995924,14.4
FBL-QP,2,91,1,1,1,1,1,889.729766823628,0.0313306348616342,0.641179142913651,15.14
FBL-QP,3,91,1,1,1,1,1,893.018566491278,0.0304199279341134,0.641682754561433,15.16
FBL-QP,4,91,1,1,1,1,1,397.300428764387,0.0350627310337442,0.600140891467534,14.42
FBL-QP,5,91,1,1,1,1,1,300.764908391487,0.0358065631561782,0.592869624235203,14.28
FBL-QP,1,92,1,1,1,1,1,677.163787364897,0.0311732321502791,0.73518296467706,19.96
FBL-QP,2,92,1,1,1,1,1,705.131191481845,0.0315910445784425,0.737141414980201,20.08
FBL-QP,3,92,1,1,1,1,1,588.43823360737,0.031634907233482,0.731215929781616,19.9
FBL-QP,4,92,1,1,1,1,1,395.476820588222,0.0306199591602447,0.728981658315172,19.94
FBL-QP,5,92,1,1,1,1,1,570.808934205042,0.0310816341250367,0.733406937595354,19.96
FBL-QP,1,93,1,1,1,1,1,267.925032025382,0.0324143090760924,0.611210080481642,16.28
FBL-QP,2,93,1,1,1,1,1,263.798050883786,0.0324849854945743,0.609493345674589,16.26
FBL-QP,3,93,1,1,1,1,1,297.831668750271,0.0332046502444149,0.613858689860424,16.3
FBL-QP,4,93,1,1,1,1,1,394.759899639159,0.0327419817931656,0.615446470427139,16.32
FBL-QP,5,93,1,1,1,1,1,265.865190735832,0.0323538028004312,0.610391806220784,16.26
FBL-QP,1,94,1,1,1,1,1,680.364833882165,0.0437385467054775,0.730381929621492,20.86
FBL-QP,2,94,1,1,1,1,1,460.789826458956,0.0438424033053306,0.726733942656866,20.76
FBL-QP,3,94,1,1,1,1,1,293.656277083398,0.0453130406323612,0.722015903841325,20.62
FBL-QP,4,94,1,1,1,1,1,539.894691440366,0.0452468907654272,0.726738734444422,20.82
FBL-QP,5,94,1,1,1,1,1,374.09829372508,0.0506562868256362,0.726033340659185,20.42
FBL-QP,1,95,1,1,1,1,1,251.694454341612,0.0412471357601912,0.631625822528981,15.82
FBL-QP,2,95,1,1,1,1,1,250.804287881888,0.0408926930420493,0.631620347065874,15.84
FBL-QP,3,95,1,1,1,1,1,200.964942599914,0.0409179470476823,0.629755749926929,15.8
FBL-QP,4,95,1,1,1,1,1,249.338139169795,0.0415394458091581,0.631589171262689,15.84
FBL-QP,5,95,1,1,1,1,1,202.17948486667,0.040990051236533,0.629609250493087,15.8
FBL-QP,1,96,1,1,1,1,1,7071.63916805943,0.0213711503255051,0.807678372639339,56.52
FBL-QP,2,96,1,1,1,1,1,10574.1273469702,0.0395952309161209,0.78100778451846,54.9
FBL-QP,3,96,1,1,1,1,1,6655.09942597339,0.0950780095457312,0.674346511391155,40.34
FBL-QP,4,96,1,1,1,1,1,3458.14255346673,0.0716938310424362,0.689880333761069,32.7
FBL-QP,5,96,1,1,1,1,1,3901.30581361206,0.0874774007354787,0.65021440425191,38.08
FBL-QP,1,97,1,1,1,1,1,340.33267575953,0.041839340333065,0.701578855178666,17.38
FBL-QP,2,97,1,1,1,1,1,749.401183723762,0.0419782328917097,0.706544102140198,17.56
FBL-QP,3,97,1,1,1,1,1,346.346897078477,0.0418785549536992,0.701908043553293,17.4
FBL-QP,4,97,1,1,1,1,1,381.231629193171,0.0418985395822049,0.700401625967987,17.38
FBL-QP,5,97,1,1,1,1,1,708.629447929287,0.0420314658957842,0.704318813149053,17.56
FBL-QP,1,98,1,1,1,1,1,406.646524257993,0.0450838947503042,0.584166862806227,15.88
FBL-QP,2,98,1,1,1,1,1,380.647697760282,0.0391481004856539,0.590070499352073,15.98
FBL-QP,3,98,1,1,1,1,1,399.152091274708,0.048013742899397,0.58165218571499,15.84
FBL-QP,4,98,1,1,1,1,1,387.873209114888,0.0420482791941662,0.587073651399971,15.94
FBL-QP,5,98,1,1,1,1,1,329.677428790311,0.044502986951645,0.583851664044541,15.82
FBL-QP,1,99,1,1,1,1,1,388.334681126925,0.0346130814434201,0.588858923730312,18.72
FBL-QP,2,99,1,1,1,1,1,379.728818668508,0.0418544240287134,0.589586948559789,18.58
FBL-QP,3,99,1,1,1,1,1,397.787399820656,0.0418883388716776,0.589436093124406,18.56
FBL-QP,4,99,1,1,1,1,1,361.148170068707,0.038252640344371,0.588847503107087,18.58
FBL-QP,5,99,1,1,1,1,1,384.763984017742,0.0423784185490525,0.589513367128619,18.46
FBL-QP,1,9,1,1,1,1,1,494.831062170852,0.051588071169256,0.717880970918232,17.28
FBL-QP,2,9,1,1,1,1,1,465.727006658211,0.0535993016459421,0.716460170101247,17.4
FBL-QP,3,9,1,1,1,1,1,359.994481300091,0.0552394301682759,0.711358301595314,17.3
FBL-QP,4,9,1,1,1,1,1,417.846254970668,0.0549384540334283,0.71412761334973,17.32
FBL-QP,5,9,1,1,1,1,1,429.433425982758,0.0552452086130319,0.71547794596207,17.34
